name,sku,subtitle,category1,category2,category3,image,ribbon,ribbonColor,weight,price,recommended_price,quantity,enabled,taxClassCode,shipping_freight,fixed_shipping_rate_only,shippingType,shippingMethodMarkup,shippingFlatRate,shippingDisabledMethods,shippingEnabledMethods,upc,brand,seo_title,seo_description,product_url,product_id
Adhesive Dressing | 5cm x 10m,23271,,Athlete Wellness,,,https://d2j6dbq0eux0bg.cloudfront.net/images/14404144/1646550509.jpg,,,0,399,,,yes,default,0,no,GLOBAL_METHODS,0,0,,,,,,,https://fluviumwear.com/#!/Adhesive-Dressing-5cm-x-10m/p/235074134,235074134
Anjan Raman | 1 Hour,23255,,Virtual Privates & Seminars,,,https://d2j6dbq0eux0bg.cloudfront.net/images/14404144/1512408627.jpg,,,,1000,,,no,default,0,no,GLOBAL_METHODS,0,0,,,,,,,https://fluviumwear.com/#!/Anjan-Raman-1-Hour/p/210211547,210211547
Artist Athlete Collaboration: Captain Crazy Navy Blue Tee,7,,Apparel,AAC Collection,,https://d2j6dbq0eux0bg.cloudfront.net/images/14404144/1208168907.jpg,,,0,899,,,yes,default,0,yes,FREE_SHIPPING,0,0,,,,,Artist Athlete Collaboration: Captain Crazy Tee,"Fluvium has developed the Artist Athlete Collaboration (AAC) Series to showcase artists, both accomplished and unknown who inspire our generation & constantly push their creative boundaries through their art, be it music, picture or dance. The artists & athletes are made to meet & draw inspiration from each other to invent ideas & designs that embodies a part of themselves.",https://fluviumwear.com/#!/Artist-Athlete-Collaboration-Captain-Crazy-Navy-Blue-Tee/p/142725761,142725761
Artist Athlete Collaboration: Captain Crazy Tee | Beetroot Red and Grey,23279,,Apparel,AAC Collection,,https://d2j6dbq0eux0bg.cloudfront.net/images/14404144/1826627058.jpg,,,0,899,,,yes,default,0,no,GLOBAL_METHODS,0,0,,,,,,,https://fluviumwear.com/#!/Artist-Athlete-Collaboration-Captain-Crazy-Tee-Beetroot-Red-and-Grey/p/266774835,266774835
Artist Athlete Collaboration: Himanshu Kaushik x Rishi Seth | Premium Bamboo Fabric,23275,,Apparel,AAC Collection,,https://d2j6dbq0eux0bg.cloudfront.net/images/14404144/1743796877.jpg,,,0,899,,,yes,default,0,no,GLOBAL_METHODS,0,0,,,,,,,https://fluviumwear.com/#!/Artist-Athlete-Collaboration-Himanshu-Kaushik-x-Rishi-Seth-Premium-Bamboo-Fabric/p/250269774,250269774
Brazilian Jiu Jitsu Belts Kids: Green,23381,,Fight Gear / Jiu Jitsu / Gi,,,https://d2j6dbq0eux0bg.cloudfront.net/images/14404144/4138092534.jpg,,,0.5,995,,,yes,default,0,yes,FREE_SHIPPING,0,0,,,,,Brazilian Jiu Jitsu Pearl Weave Belts: Black,"The BJJ / Jiu Jitsu Pearl Weave Belts are durable, affordable and traditional. They represent the hours, blood, tears and sweat spent on the mats since you've started your BJJ journey. Built to last and designed for heavy-duty daily training, simple look, and feel good on the mats. The pearl weave material allows the belt to be tied easier and stay tied.",https://fluviumwear.com/#!/Brazilian-Jiu-Jitsu-Belts-Kids-Green/p/631530365,631530365
Brazilian Jiu Jitsu Belts Kids: Green-Black,23382,,Fight Gear / Jiu Jitsu / Gi,,,https://d2j6dbq0eux0bg.cloudfront.net/images/14404144/4138060698.jpg,,,0.5,995,,,yes,default,0,yes,FREE_SHIPPING,0,0,,,,,Brazilian Jiu Jitsu Pearl Weave Belts: Black,"The BJJ / Jiu Jitsu Pearl Weave Belts are durable, affordable and traditional. They represent the hours, blood, tears and sweat spent on the mats since you've started your BJJ journey. Built to last and designed for heavy-duty daily training, simple look, and feel good on the mats. The pearl weave material allows the belt to be tied easier and stay tied.",https://fluviumwear.com/#!/Brazilian-Jiu-Jitsu-Belts-Kids-Green-Black/p/631533855,631533855
Brazilian Jiu Jitsu Belts Kids: Green-White,23380,,Fight Gear / Jiu Jitsu / Gi,,,https://d2j6dbq0eux0bg.cloudfront.net/images/14404144/4138092529.jpg,,,0.5,995,,,yes,default,0,yes,FREE_SHIPPING,0,0,,,,,Brazilian Jiu Jitsu Pearl Weave Belts: Black,"The BJJ / Jiu Jitsu Pearl Weave Belts are durable, affordable and traditional. They represent the hours, blood, tears and sweat spent on the mats since you've started your BJJ journey. Built to last and designed for heavy-duty daily training, simple look, and feel good on the mats. The pearl weave material allows the belt to be tied easier and stay tied.",https://fluviumwear.com/#!/Brazilian-Jiu-Jitsu-Belts-Kids-Green-White/p/631537374,631537374
Brazilian Jiu Jitsu Belts Kids: Grey,23371,,Fight Gear / Jiu Jitsu / Gi,,,https://d2j6dbq0eux0bg.cloudfront.net/images/14404144/4138077568.jpg,,,0.5,995,,,yes,default,0,yes,FREE_SHIPPING,0,0,,,,,Brazilian Jiu Jitsu Pearl Weave Belts: Black,"The BJJ / Jiu Jitsu Pearl Weave Belts are durable, affordable and traditional. They represent the hours, blood, tears and sweat spent on the mats since you've started your BJJ journey. Built to last and designed for heavy-duty daily training, simple look, and feel good on the mats. The pearl weave material allows the belt to be tied easier and stay tied.",https://fluviumwear.com/#!/Brazilian-Jiu-Jitsu-Belts-Kids-Grey/p/631526382,631526382
Brazilian Jiu Jitsu Belts Kids: Grey-Black,23373,,Fight Gear / Jiu Jitsu / Gi,,,https://d2j6dbq0eux0bg.cloudfront.net/images/14404144/4138077603.jpg,,,0.5,995,,,yes,default,0,yes,FREE_SHIPPING,0,0,,,,,Brazilian Jiu Jitsu Pearl Weave Belts: Black,"The BJJ / Jiu Jitsu Pearl Weave Belts are durable, affordable and traditional. They represent the hours, blood, tears and sweat spent on the mats since you've started your BJJ journey. Built to last and designed for heavy-duty daily training, simple look, and feel good on the mats. The pearl weave material allows the belt to be tied easier and stay tied.",https://fluviumwear.com/#!/Brazilian-Jiu-Jitsu-Belts-Kids-Grey-Black/p/631530360,631530360
Brazilian Jiu Jitsu Belts Kids: Grey-White,23372,,Fight Gear / Jiu Jitsu / Gi,,,https://d2j6dbq0eux0bg.cloudfront.net/images/14404144/4138077598.jpg,,,0.5,995,,,yes,default,0,yes,FREE_SHIPPING,0,0,,,,,Brazilian Jiu Jitsu Pearl Weave Belts: Black,"The BJJ / Jiu Jitsu Pearl Weave Belts are durable, affordable and traditional. They represent the hours, blood, tears and sweat spent on the mats since you've started your BJJ journey. Built to last and designed for heavy-duty daily training, simple look, and feel good on the mats. The pearl weave material allows the belt to be tied easier and stay tied.",https://fluviumwear.com/#!/Brazilian-Jiu-Jitsu-Belts-Kids-Grey-White/p/631533851,631533851
Brazilian Jiu Jitsu Belts Kids: Orange,23378,,Fight Gear / Jiu Jitsu / Gi,,,https://d2j6dbq0eux0bg.cloudfront.net/images/14404144/4138060230.jpg,,,0.5,995,,,yes,default,0,yes,FREE_SHIPPING,0,0,,,,,Brazilian Jiu Jitsu Pearl Weave Belts: Black,"The BJJ / Jiu Jitsu Pearl Weave Belts are durable, affordable and traditional. They represent the hours, blood, tears and sweat spent on the mats since you've started your BJJ journey. Built to last and designed for heavy-duty daily training, simple look, and feel good on the mats. The pearl weave material allows the belt to be tied easier and stay tied.",https://fluviumwear.com/#!/Brazilian-Jiu-Jitsu-Belts-Kids-Orange/p/631530362,631530362
Brazilian Jiu Jitsu Belts Kids: Orange-Black,23379,,Fight Gear / Jiu Jitsu / Gi,,,https://d2j6dbq0eux0bg.cloudfront.net/images/14404144/4138079606.jpg,,,0.5,995,,,yes,default,0,yes,FREE_SHIPPING,0,0,,,,,Brazilian Jiu Jitsu Pearl Weave Belts: Black,"The BJJ / Jiu Jitsu Pearl Weave Belts are durable, affordable and traditional. They represent the hours, blood, tears and sweat spent on the mats since you've started your BJJ journey. Built to last and designed for heavy-duty daily training, simple look, and feel good on the mats. The pearl weave material allows the belt to be tied easier and stay tied.",https://fluviumwear.com/#!/Brazilian-Jiu-Jitsu-Belts-Kids-Orange-Black/p/631436491,631436491
Brazilian Jiu Jitsu Belts Kids: Orange-White,23377,,Fight Gear / Jiu Jitsu / Gi,,,https://d2j6dbq0eux0bg.cloudfront.net/images/14404144/4138092519.jpg,,,0.5,995,,,yes,default,0,yes,FREE_SHIPPING,0,0,,,,,Brazilian Jiu Jitsu Pearl Weave Belts: Black,"The BJJ / Jiu Jitsu Pearl Weave Belts are durable, affordable and traditional. They represent the hours, blood, tears and sweat spent on the mats since you've started your BJJ journey. Built to last and designed for heavy-duty daily training, simple look, and feel good on the mats. The pearl weave material allows the belt to be tied easier and stay tied.",https://fluviumwear.com/#!/Brazilian-Jiu-Jitsu-Belts-Kids-Orange-White/p/631530361,631530361
Brazilian Jiu Jitsu Belts Kids: Yellow,23375,,Fight Gear / Jiu Jitsu / Gi,,,https://d2j6dbq0eux0bg.cloudfront.net/images/14404144/4138060190.jpg,,,0.5,995,,,yes,default,0,yes,FREE_SHIPPING,0,0,,,,,Brazilian Jiu Jitsu Pearl Weave Belts: Black,"The BJJ / Jiu Jitsu Pearl Weave Belts are durable, affordable and traditional. They represent the hours, blood, tears and sweat spent on the mats since you've started your BJJ journey. Built to last and designed for heavy-duty daily training, simple look, and feel good on the mats. The pearl weave material allows the belt to be tied easier and stay tied.",https://fluviumwear.com/#!/Brazilian-Jiu-Jitsu-Belts-Kids-Yellow/p/631526384,631526384
Brazilian Jiu Jitsu Belts Kids: Yellow-Black,23376,,Fight Gear / Jiu Jitsu / Gi,,,https://d2j6dbq0eux0bg.cloudfront.net/images/14404144/4138079556.jpg,,,0.5,995,,,yes,default,0,yes,FREE_SHIPPING,0,0,,,,,Brazilian Jiu Jitsu Pearl Weave Belts: Black,"The BJJ / Jiu Jitsu Pearl Weave Belts are durable, affordable and traditional. They represent the hours, blood, tears and sweat spent on the mats since you've started your BJJ journey. Built to last and designed for heavy-duty daily training, simple look, and feel good on the mats. The pearl weave material allows the belt to be tied easier and stay tied.",https://fluviumwear.com/#!/Brazilian-Jiu-Jitsu-Belts-Kids-Yellow-Black/p/631533853,631533853
Brazilian Jiu Jitsu Belts Kids: Yellow-White,23374,,Fight Gear / Jiu Jitsu / Gi,,,https://d2j6dbq0eux0bg.cloudfront.net/images/14404144/4138060185.jpg,,,0.5,995,,,yes,default,0,yes,FREE_SHIPPING,0,0,,,,,Brazilian Jiu Jitsu Pearl Weave Belts: Black,"The BJJ / Jiu Jitsu Pearl Weave Belts are durable, affordable and traditional. They represent the hours, blood, tears and sweat spent on the mats since you've started your BJJ journey. Built to last and designed for heavy-duty daily training, simple look, and feel good on the mats. The pearl weave material allows the belt to be tied easier and stay tied.",https://fluviumwear.com/#!/Brazilian-Jiu-Jitsu-Belts-Kids-Yellow-White/p/631537370,631537370
Brazilian Jiu Jitsu Pearl Weave Belts: Black,14,,Fight Gear / Jiu Jitsu / Gi,,,https://d2j6dbq0eux0bg.cloudfront.net/images/14404144/1955757040.jpg,,,0.5,899,,,yes,default,0,yes,FREE_SHIPPING,0,0,,,,,Brazilian Jiu Jitsu Pearl Weave Belts: Black,"The BJJ / Jiu Jitsu Pearl Weave Belts are durable, affordable and traditional. They represent the hours, blood, tears and sweat spent on the mats since you've started your BJJ journey. Built to last and designed for heavy-duty daily training, simple look, and feel good on the mats. The pearl weave material allows the belt to be tied easier and stay tied.",https://fluviumwear.com/#!/Brazilian-Jiu-Jitsu-Pearl-Weave-Belts-Black/p/143957802,143957802
Brazilian Jiu Jitsu Pearl Weave Belts: Blue,11,,Fight Gear / Jiu Jitsu / Gi,,,https://d2j6dbq0eux0bg.cloudfront.net/images/14404144/1955453524.jpg,,,0.5,899,,,yes,default,0,yes,FREE_SHIPPING,0,0,,,,,,,https://fluviumwear.com/#!/Brazilian-Jiu-Jitsu-Pearl-Weave-Belts-Blue/p/143957797,143957797
Brazilian Jiu Jitsu Pearl Weave Belts: Brown,13,,Fight Gear / Jiu Jitsu / Gi,,,https://d2j6dbq0eux0bg.cloudfront.net/images/14404144/1955610226.jpg,,,0.5,899,,5,yes,default,0,yes,FREE_SHIPPING,0,0,,,,,,"The BJJ / Jiu Jitsu Pearl Weave Belts are durable, affordable and traditional. They represent the hours, blood, tears and sweat spent on the mats since you've started your BJJ journey. Built to last and designed for heavy-duty daily training, simple look, and feel good on the mats. The pearl weave material allows the belt to be tied easier and stay tied.",https://fluviumwear.com/#!/Brazilian-Jiu-Jitsu-Pearl-Weave-Belts-Brown/p/143957800,143957800
Brazilian Jiu Jitsu Pearl Weave Belts: Purple,12,,Fight Gear / Jiu Jitsu / Gi,,,https://d2j6dbq0eux0bg.cloudfront.net/images/14404144/1955522359.jpg,,,0.5,899,,3,yes,default,0,yes,FREE_SHIPPING,0,0,,,,,,"Details The BJJ / Jiu Jitsu Pearl Weave Belts are durable, affordable and traditional. They represent the hours, blood, tears and sweat spent on the mats since you've started your BJJ journey. Built to last and designed for heavy-duty daily training, simple look, and feel good on the mats. The pearl weave material allows the belt to be tied easier and stay tied.",https://fluviumwear.com/#!/Brazilian-Jiu-Jitsu-Pearl-Weave-Belts-Purple/p/143957799,143957799
Brazilian Jiu Jitsu Pearl Weave Belts: White,10,,Fight Gear / Jiu Jitsu / Gi,,,https://d2j6dbq0eux0bg.cloudfront.net/images/14404144/1955610246.jpg,,,0.5,899,,4,yes,default,0,yes,FREE_SHIPPING,0,0,,,,,,"The BJJ / Jiu Jitsu Pearl Weave Belts are durable, affordable and traditional. They represent the hours, blood, tears and sweat spent on the mats since you've started your BJJ journey. Built to last and designed for heavy-duty daily training, simple look, and feel good on the mats. The pearl weave material allows the belt to be tied easier and stay tied.",https://fluviumwear.com/#!/Brazilian-Jiu-Jitsu-Pearl-Weave-Belts-White/p/143957781,143957781
Chaitanya Gavali | 1 Hour,23261,,Virtual Privates & Seminars,,,https://d2j6dbq0eux0bg.cloudfront.net/images/14404144/1512412339.jpg,,,,1000,,,no,default,0,no,GLOBAL_METHODS,0,0,,,,,,,https://fluviumwear.com/#!/Chaitanya-Gavali-1-Hour/p/212184012,212184012
"Chaitanya Gavali, Basics & Wrestling For MMA | 40min",23263,,Virtual Privates & Seminars,,,https://d2j6dbq0eux0bg.cloudfront.net/images/14404144/1513353505.jpg,,,,250,,,no,default,0,no,GLOBAL_METHODS,0,0,,,,,,,https://fluviumwear.com/#!/Chaitanya-Gavali-Basics-&-Wrestling-For-MMA-40min/p/215239584,215239584
Clinton Kenin Cruz | 1 Hour,23254,,Virtual Privates & Seminars,,,https://d2j6dbq0eux0bg.cloudfront.net/images/14404144/1512420041.jpg,,,,800,,,no,default,0,no,GLOBAL_METHODS,0,0,,,,,,,https://fluviumwear.com/#!/Clinton-Kenin-Cruz-1-Hour/p/210236361,210236361
Cotton Masks,53,,,,,https://d2j6dbq0eux0bg.cloudfront.net/images/14404144/1401898020.jpg,,,0,0,,,no,default,0,no,GLOBAL_METHODS,0,0,,,,,,,https://fluviumwear.com/#!/Cotton-Masks/p/193688194,193688194
FelxiRoll Mats | 1.35m Width x 50mm Thick,23317,,Sports Mats,,,https://d2j6dbq0eux0bg.cloudfront.net/images/14404144/2983498339.jpg,,,0,0,,,no,default,0,no,GLOBAL_METHODS,0,0,,,,,,,https://fluviumwear.com/#!/FelxiRoll-Mats-1-35m-Width-x-50mm-Thick/p/453351280,453351280
Fluvium Abstract 2 in 1 Shorts,38,,Fight Gear / Jiu Jitsu / No Gi,Surf Gear,,https://d2j6dbq0eux0bg.cloudfront.net/images/14404144/1207914180.jpg,,,0,1349,,48,yes,default,0,no,GLOBAL_METHODS,0,0,,,,,,"There's an artist in all of us. The Fluvium Abstract 2 in 1 Shorts is developed and designed by passionate artists in the hope of awakening the artist in you. Whether you choose to wear the shorts to train jiu jitsu, MMA, surf or even head to the gym to lift some weights, we hope you are inspired to step outside your comfort zone to try new moves, techniques or use new methods.",https://fluviumwear.com/#!/Fluvium-Abstract-2-in-1-Shorts/p/160433102,160433102
Fluvium Abstract: Full Sleeve Rashguard,33,,Fight Gear / MMA,Fight Gear / Jiu Jitsu / No Gi,Surf Gear,https://d2j6dbq0eux0bg.cloudfront.net/images/14404144/1207913480.jpg,,,0,1749,,48,yes,default,0,no,GLOBAL_METHODS,0,0,,,,,Fluvium Abstract : Full Sleeve Rashguard,"The Fluvium Abstract full sleeve Rash Guard is developed and designed by passionate artists in the hope of awakening the artist in you. Whether you choose to wear the rashguard to train jiu jitsu, MMA, surf or even head to the gym to lift some weights, we hope you are inspired to step outside your comfort zone to try new moves, techniques or use new methods.",https://fluviumwear.com/#!/Fluvium-Abstract-Full-Sleeve-Rashguard/p/160435800,160435800
Fluvium Abstract: Half Sleeve Rashguard,28,,Fight Gear / MMA,Fight Gear / Jiu Jitsu / No Gi,Surf Gear,https://d2j6dbq0eux0bg.cloudfront.net/images/14404144/1207915116.jpg,,,0,1449,,48,yes,default,0,no,GLOBAL_METHODS,0,0,,,,,Fluvium Abstract: Half Sleeve Rashguard,"The Fluvium Abstract half sleeve Rash Guard is developed and designed by passionate artists in the hope of awakening the artist in you. Whether you choose to wear the rashguard to train jiu jitsu, MMA, surf, swim or even head to the gym to lift some weights, we hope you are inspired to step outside your comfort zone to try new moves, techniques or use new methods.",https://fluviumwear.com/#!/Fluvium-Abstract-Half-Sleeve-Rashguard/p/160433065,160433065
Fluvium Amateur Leather Shin Pads | White & Blue,23369,,Fight Gear / MMA,,,,,,0,2950,,5,no,default,0,no,GLOBAL_METHODS,0,0,,,,,"Fluvium Crisp White Leather Muay Thai, MMA & Kick Boxing Shin Guards","The Fluvium Crisp White Leather Shin Guards provide maximum protection of the shin & ankle, even during your most powerful kicks, with a high density foam and specific reinforcements placed at each joint. The Fluvium Crisp White Leather Shin Pads have a Velcro closure system that provides superior wrist support maximizing the power of strikes and prevention of injuries.",https://fluviumwear.com/#!/Fluvium-Amateur-Leather-Shin-Pads-White-&-Blue/p/623025269,623025269
Fluvium Amateur Premium Synthetic Leather Boxing Gloves (Gold & White) | 10Oz & 12Oz,23328,,Fight Gear / Boxing,Fight Gear / MMA,,https://d2j6dbq0eux0bg.cloudfront.net/images/14404144/3353568896.jpg,,,0,1595,,13,yes,default,0,no,GLOBAL_METHODS,0,0,,,,,,,https://fluviumwear.com/#!/Fluvium-Amateur-Premium-Synthetic-Leather-Boxing-Gloves-Gold-&-White-10Oz-&-12Oz/p/513677536,513677536
Fluvium Amateur Premium Synthetic Leather Boxing Gloves | 10Oz & 12Oz,23316,,Fight Gear / Boxing,Fight Gear / MMA,,https://d2j6dbq0eux0bg.cloudfront.net/images/14404144/2883348349.jpg,,,0,1595,,20,yes,default,0,no,GLOBAL_METHODS,0,0,,,,,,,https://fluviumwear.com/#!/Fluvium-Amateur-Premium-Synthetic-Leather-Boxing-Gloves-10Oz-&-12Oz/p/436094889,436094889
Fluvium Amateur Premium Synthetic Leather Boxing Gloves | Be Fierce | 10Oz & 12Oz,23383,,Fight Gear / Boxing,Fight Gear / MMA,,https://d2j6dbq0eux0bg.cloudfront.net/images/14404144/4161184265.png,,,0,1595,,13,yes,default,0,no,GLOBAL_METHODS,0,0,,,,,,,https://fluviumwear.com/#!/Fluvium-Amateur-Premium-Synthetic-Leather-Boxing-Gloves-Be-Fierce-10Oz-&-12Oz/p/634740528,634740528
Fluvium Anti Fighter Fighter Club Hoodie,49,,Apparel,,,https://d2j6dbq0eux0bg.cloudfront.net/images/14404144/1215111885.jpg,,,0,1895,,,yes,default,0,yes,FREE_SHIPPING,0,0,,,,,Artist Athlete Collaboration: Captain Crazy Tee,"Fluvium has developed the Artist Athlete Collaboration (AAC) Series to showcase artists, both accomplished and unknown who inspire our generation & constantly push their creative boundaries through their art, be it music, picture or dance. The artists & athletes are made to meet & draw inspiration from each other to invent ideas & designs that embodies a part of themselves.",https://fluviumwear.com/#!/Fluvium-Anti-Fighter-Fighter-Club-Hoodie/p/162074706,162074706
Fluvium Anti Fighter Fighter Club Tee,48,,Apparel,,,https://d2j6dbq0eux0bg.cloudfront.net/images/14404144/1215109317.jpg,,,0,899,,,yes,default,0,yes,FREE_SHIPPING,0,0,,,,,Artist Athlete Collaboration: Captain Crazy Tee,"Fluvium has developed the Artist Athlete Collaboration (AAC) Series to showcase artists, both accomplished and unknown who inspire our generation & constantly push their creative boundaries through their art, be it music, picture or dance. The artists & athletes are made to meet & draw inspiration from each other to invent ideas & designs that embodies a part of themselves.",https://fluviumwear.com/#!/Fluvium-Anti-Fighter-Fighter-Club-Tee/p/162082006,162082006
"Fluvium Armour Mouth Guard | Black, Blue, Green, Pink, Red, White, Neon Green, Neon Orange",23280,,Fight Gear / Jiu Jitsu / No Gi,Fight Gear / Boxing,Fight Gear / Jiu Jitsu / Gi,https://d2j6dbq0eux0bg.cloudfront.net/images/14404144/1955522369.jpg,,,0,295,,,yes,default,0,no,GLOBAL_METHODS,0,0,,,,,Mouth Guard,,https://fluviumwear.com/#!/Fluvium-Armour-Mouth-Guard-Black-Blue-Green-Pink-Red-White-Neon-Green-Neon-Orange/p/289237409,289237409
"Fluvium Armour Mouth Guard | Black, White, Neon Green, Neon Orange",23324,,Fight Gear / Jiu Jitsu / No Gi,Fight Gear / Boxing,Fight Gear / Jiu Jitsu / Gi,https://d2j6dbq0eux0bg.cloudfront.net/images/14404144/3160592326.jpg,,,0,499,,,no,default,0,no,GLOBAL_METHODS,0,0,,,,,Mouth Guard,,https://fluviumwear.com/#!/Fluvium-Armour-Mouth-Guard-Black-White-Neon-Green-Neon-Orange/p/481195782,481195782
Fluvium Armour Mouth Guard: Black,22,,Fight Gear / Jiu Jitsu / Gi,Fight Gear / MMA,Fight Gear / Jiu Jitsu / No Gi,https://d2j6dbq0eux0bg.cloudfront.net/images/14404144/1106826875.jpg,,,0,499,,,no,default,0,no,GLOBAL_METHODS,0,0,,,,,,Protect your mouth from unexpected punches with the Fluvium Armour Series Mouthguard. The mouthguard features a shock-absorption inner layer surrounded by a rigid outer layer specifically designed for upper and lower jaw protection. The mouthguard offers a customized fit with a boil and bite design for just the right fit.,https://fluviumwear.com/#!/Fluvium-Armour-Mouth-Guard-Black/p/123079824,123079824
"Fluvium Athletic Finger Tape | Pack of Three | 0.25"" x 82'",57,,Fight Gear / Jiu Jitsu / Gi,Athlete Wellness,,https://d2j6dbq0eux0bg.cloudfront.net/images/14404144/1650481722.jpg,,,0,499,,44,yes,default,0,yes,FREE_SHIPPING,0,0,,,,,,"Curtail Plastic, Save Environment: We have embarked on an ambitious mission to exclude any plastic in our packaging or storage. To that end we are introducing jute drawstring bags to house your BJJ Gi's/Boxing Gloves & MMA Gloves. By using or promoting the use of these jute bags, not only will you be supporting the environment, but also small scale artisans who depend on this for their livelihood.",https://fluviumwear.com/#!/Fluvium-Athletic-Finger-Tape-Pack-of-Three-0-25-x-82/p/202311145,202311145
"Fluvium Athletic Finger Tape | Pack of Three | 0.3"" x 82' | Black",23274,,Athlete Wellness,Fight Gear / Jiu Jitsu / Gi,,https://d2j6dbq0eux0bg.cloudfront.net/images/14404144/1681721130.jpg,,,0,499,,0,yes,default,0,no,GLOBAL_METHODS,0,0,,,,,,,https://fluviumwear.com/#!/Fluvium-Athletic-Finger-Tape-Pack-of-Three-0-3-x-82-Black/p/239598127,239598127
Fluvium BJJ Gi/Kimono | Gentle Art,23384,,Fight Gear / Jiu Jitsu / Gi,,,https://d2j6dbq0eux0bg.cloudfront.net/images/14404144/4439654835.png,,,0,9495,,48,yes,default,0,no,GLOBAL_METHODS,0,0,,,,,,,https://fluviumwear.com/#!/Fluvium-BJJ-Gi-Kimono-Gentle-Art/p/681054248,681054248
Fluvium BJJ Gi/Kimono | Legacy Series | Be Water,23357,,Fight Gear / Jiu Jitsu / Gi,,,https://d2j6dbq0eux0bg.cloudfront.net/images/14404144/4005937927.jpg,,,0,9495,,47,yes,default,0,no,GLOBAL_METHODS,0,0,,,,,Fluvium Abstract : Full Sleeve Rashguard,"The Fluvium Abstract full sleeve Rash Guard is developed and designed by passionate artists in the hope of awakening the artist in you. Whether you choose to wear the rashguard to train jiu jitsu, MMA, surf or even head to the gym to lift some weights, we hope you are inspired to step outside your comfort zone to try new moves, techniques or use new methods.",https://fluviumwear.com/#!/Fluvium-BJJ-Gi-Kimono-Legacy-Series-Be-Water/p/611120504,611120504
Fluvium Chest Guard | White & Blue,23368,,Fight Gear / Boxing,Fight Gear / MMA,,https://d2j6dbq0eux0bg.cloudfront.net/images/14404144/4082891140.jpg,,,0,5750,,5,yes,default,0,no,GLOBAL_METHODS,0,0,,,,,,,https://fluviumwear.com/#!/Fluvium-Chest-Guard-White-&-Blue/p/623034504,623034504
Fluvium Combat Rucksack | 45L & 30L,43,,Fight Gear / MMA,Fight Gear / Jiu Jitsu,Fight Gear,https://d2j6dbq0eux0bg.cloudfront.net/images/14404144/1229519773.jpg,,,0,3595,,10,yes,default,0,no,GLOBAL_METHODS,0,0,,,,,,"The Fluvium Combat Rucksack (50L Backpack) is developed and designed by passionate artists in the hope of awakening the artist in you. Whether you choose to carry the backpack to train jiu jitsu, MMA, surf or even head to the gym to lift some weights, we hope you are inspired to step outside your comfort zone to try new moves, techniques or use new methods.",https://fluviumwear.com/#!/Fluvium-Combat-Rucksack-45L-&-30L/p/161079319,161079319
Fluvium Competition Shorts | MMA & Grappling,15,,Fight Gear / Jiu Jitsu / No Gi,Surf Gear,Fight Gear / MMA,https://d2j6dbq0eux0bg.cloudfront.net/images/14404144/1106876002.jpg,,,0,1995,,17,no,default,0,no,GLOBAL_METHODS,0,0,,,,,,"No Competition No Progress. The Fluvium Competition Series Shorts is designed for the high-performance athlete in all of us. T he competition series is built to never fail you during the most rigorous training sessions and competitions. No matter how hard you work, these shorts are meant to last long leaving a strong impression.",https://fluviumwear.com/#!/Fluvium-Competition-Shorts-MMA-&-Grappling/p/143957924,143957924
"Fluvium Crash/Throwing Mats | 78"" x 50"" x 100mm",23288,,Sports Mats,,,https://d2j6dbq0eux0bg.cloudfront.net/images/14404144/2313119624.jpg,,,0,18000,,,yes,default,0,no,GLOBAL_METHODS,0,0,,,,,,,https://fluviumwear.com/#!/Fluvium-Crash-Throwing-Mats-78-x-50-x-100mm/p/360863961,360863961
Fluvium Crew Neck DTLF Bamboo Tees,23276,,Apparel,Fight Gear / Jiu Jitsu / No Gi,,https://d2j6dbq0eux0bg.cloudfront.net/images/14404144/1949629018.jpg,,,0,899,,,yes,default,0,no,GLOBAL_METHODS,0,0,,,,,Fluvium Crew Neck DTLF Bamboo Tees,"De tails The Fluvium Crew Neck DTLF Bamboo Tee is developed considering the environment in mind. Made from premium quality bamboo cotton provides a silk like softness. Combined with the anti-odour, anti-bacterial and sweat absorbent properties that bamboo provides Fluvium Crew Neck DTLF Bamboo Tee can really be your perfect lounge or daily wear. Features SILK-LIKE SOFTNESS Bamboo cotton is ...",https://fluviumwear.com/#!/Fluvium-Crew-Neck-DTLF-Bamboo-Tees/p/258243217,258243217
"Fluvium Crisp White Leather Muay Thai, MMA & Kick Boxing Shin Guards",26,,Fight Gear / MMA,,,https://d2j6dbq0eux0bg.cloudfront.net/images/14404144/1207934136.jpg,,,0,4495,,5,yes,default,0,no,GLOBAL_METHODS,0,0,,,,,"Fluvium Crisp White Leather Muay Thai, MMA & Kick Boxing Shin Guards","The Fluvium Crisp White Leather Shin Guards provide maximum protection of the shin & ankle, even during your most powerful kicks, with a high density foam and specific reinforcements placed at each joint. The Fluvium Crisp White Leather Shin Pads have a Velcro closure system that provides superior wrist support maximizing the power of strikes and prevention of injuries.",https://fluviumwear.com/#!/Fluvium-Crisp-White-Leather-Muay-Thai-MMA-&-Kick-Boxing-Shin-Guards/p/156271124,156271124
"Fluvium Crisp White Leather Muay Thai, MMA & Kick Boxing Shin Guards | Thrift Shop",23266,,Thrift Shop,,,https://d2j6dbq0eux0bg.cloudfront.net/images/14404144/1555975196.jpg,,,0,2795,,0,no,default,0,no,GLOBAL_METHODS,0,0,,,,,,,https://fluviumwear.com/#!/Fluvium-Crisp-White-Leather-Muay-Thai-MMA-&-Kick-Boxing-Shin-Guards-Thrift-Shop/p/221822893,221822893
Fluvium Crisp White Professional Buffalo Leather (Christmas Edition) Boxing Gloves | 12Oz & 14Oz,23329,,Fight Gear / Boxing,Fight Gear / MMA,,https://d2j6dbq0eux0bg.cloudfront.net/images/14404144/3353794558.jpg,,,0,3795,,15,yes,default,0,no,GLOBAL_METHODS,0,0,,,,,,,https://fluviumwear.com/#!/Fluvium-Crisp-White-Professional-Buffalo-Leather-Christmas-Edition-Boxing-Gloves-12Oz-&-14Oz/p/513689041,513689041
Fluvium Crisp White Professional Buffalo Leather Boxing Gloves | 12Oz & 14Oz,23315,,Fight Gear / Boxing,Fight Gear / MMA,,https://d2j6dbq0eux0bg.cloudfront.net/images/14404144/2883338184.jpg,,,0,3795,,3,yes,default,0,no,GLOBAL_METHODS,0,0,,,,,,,https://fluviumwear.com/#!/Fluvium-Crisp-White-Professional-Buffalo-Leather-Boxing-Gloves-12Oz-&-14Oz/p/436123802,436123802
Fluvium Elite Leather Sparring Legacy Set | Shin Pads & MMA Gloves,23311,,Legacy Series,Fight Gear / MMA,,https://d2j6dbq0eux0bg.cloudfront.net/images/14404144/2759706164.jpg,,,0,5995,,0,no,default,0,no,GLOBAL_METHODS,0,0,,,,,,"The Fluvium Pro Leather Grappling Gloves provide maximum protection of the hand, even during your most powerful punches, with a high density foam and specific reinforcements placed on each finger. The Fluvium Pro Leather Grappling Gloves have a Velcro closure system that provides superior wrist support maximizing the power of strikes and prevention of injuries.",https://fluviumwear.com/#!/Fluvium-Elite-Leather-Sparring-Legacy-Set-Shin-Pads-&-MMA-Gloves/p/420800648,420800648
Fluvium Elite Leather Sparring MMA Gloves,55,,Fight Gear / MMA,,,https://d2j6dbq0eux0bg.cloudfront.net/images/14404144/1956474637.jpg,,,0,2395,,9,yes,default,0,no,GLOBAL_METHODS,0,0,,,,,,"The Fluvium Pro Leather Grappling Gloves provide maximum protection of the hand, even during your most powerful punches, with a high density foam and specific reinforcements placed on each finger. The Fluvium Pro Leather Grappling Gloves have a Velcro closure system that provides superior wrist support maximizing the power of strikes and prevention of injuries.",https://fluviumwear.com/#!/Fluvium-Elite-Leather-Sparring-MMA-Gloves/p/202305189,202305189
Fluvium Elite Leather Sparring MMA Gloves | Legacy Series,23307,,Legacy Series,Fight Gear / MMA,,https://d2j6dbq0eux0bg.cloudfront.net/images/14404144/2759700299.jpg,,,0,2395,,0,no,default,0,no,GLOBAL_METHODS,0,0,,,,,,"The Fluvium Pro Leather Grappling Gloves provide maximum protection of the hand, even during your most powerful punches, with a high density foam and specific reinforcements placed on each finger. The Fluvium Pro Leather Grappling Gloves have a Velcro closure system that provides superior wrist support maximizing the power of strikes and prevention of injuries.",https://fluviumwear.com/#!/Fluvium-Elite-Leather-Sparring-MMA-Gloves-Legacy-Series/p/420783961,420783961
Fluvium Elite Leather Sparring MMA Gloves | Thrift Shop,23265,,Thrift Shop,,,https://d2j6dbq0eux0bg.cloudfront.net/images/14404144/1956474676.jpg,,,0,1450,,0,no,default,0,no,GLOBAL_METHODS,0,0,,,,,Fluvium Elite Leather Sparring MMA Gloves | Thrift Shop,"Details The Fluvium Elite Sparring MMA Training Gloves   has been designed to allow grappling & striking in the same  training session without changing gloves. Used for sparring, mitt work,  and ground and pound. Features Multiple layers of shock dispersing foam. Original Bull leather constructionâ€¦",https://fluviumwear.com/#!/Fluvium-Elite-Leather-Sparring-MMA-Gloves-Thrift-Shop/p/221849476,221849476
Fluvium Flow BJJ Gi | Black,1,,Fight Gear / Jiu Jitsu / Gi,,,https://d2j6dbq0eux0bg.cloudfront.net/images/14404144/939792558.jpg,,,2,8495,,0,no,default,0,yes,FREE_SHIPPING,0,0,,,,,Fluvium Flow BJJ Gi |  Black,"The Fluvium Flow Series Gi is comfortable, durable, affordable and traditional. Built to last and designed for heavy-duty daily training, simple look, and feel good on the mats. A super-soft and incredibly strong pearl-weave material, combining the most effective features from both the double and single-weave Gis, creating a breathable and durable fabric for heavy usage and comfort.",https://fluviumwear.com/#!/Fluvium-Flow-BJJ-Gi-Black/p/110665020,110665020
Fluvium Flow BJJ Gi | White,2,,Fight Gear / Jiu Jitsu / Gi,,,https://d2j6dbq0eux0bg.cloudfront.net/images/14404144/939792279.jpg,,,2,8495,,0,no,default,0,yes,FREE_SHIPPING,0,0,,,,,Fluvium Flow: White Gi,"The Fluvium Flow Series Gi is comfortable, durable, affordable and traditional. Built to last and designed for heavy-duty daily training, simple look, and feel good on the mats. A super-soft and incredibly strong pearl-weave material, combining the most effective features from both the double and single-weave Gis, creating a breathable and durable fabric for heavy usage and comfort.",https://fluviumwear.com/#!/Fluvium-Flow-BJJ-Gi-White/p/110665027,110665027
Fluvium Flow Series - Blue,4,,,,,https://d2j6dbq0eux0bg.cloudfront.net/images/14404144/857417097.jpg,,,2,8495,,0,no,default,0,yes,FREE_SHIPPING,0,0,,,,,Fluvium Flow Series - Blue Gi,"The Fluvium Flow Series Gi is comfortable, durable, affordable and traditional. Built to last and designed for heavy-duty daily training, simple look, and feel good on the mats. A super-soft and incredibly strong pearl-weave material, combining the most effective features from both the double and single-weave Gis, creating a breathable and durable fabric for heavy usage and comfort.",https://fluviumwear.com/#!/Fluvium-Flow-Series-Blue/p/110665026,110665026
Fluvium Flow Series: Black Ranked Rashguard,11,,Fight Gear / MMA,Fight Gear / Jiu Jitsu / No Gi,Surf Gear,https://d2j6dbq0eux0bg.cloudfront.net/images/14404144/939792208.jpg,,,0,1950,,0,no,default,0,no,GLOBAL_METHODS,0,0,,,,,,"Drillers makes killers. The Fluvium Flow Series Rashguard is designed to those who are persistent during the ups and downs of training to be the best they can be. Everyone goes through a period of good and bad - this rashguard represents your perseverance through life to, to come to terms with it and reach a flow state of mind.",https://fluviumwear.com/#!/Fluvium-Flow-Series-Black-Ranked-Rashguard/p/115771864,115771864
Fluvium Flow Series: Blue Ranked Rashguard,12,,Fight Gear / MMA,Fight Gear / Jiu Jitsu / No Gi,Surf Gear,https://d2j6dbq0eux0bg.cloudfront.net/images/14404144/939792236.jpg,,,0,1995,,0,no,default,0,no,GLOBAL_METHODS,0,0,,,,,,"Drillers makes killers. The Fluvium Flow Series Rashguard is designed to those who are persistent during the ups and downs of training to be the best they can be. Everyone goes through a period of good and bad - this rashguard represents your perseverance through life to, to come to terms with it and reach a flow state of mind.",https://fluviumwear.com/#!/Fluvium-Flow-Series-Blue-Ranked-Rashguard/p/115820665,115820665
Fluvium Full Sleeve Ranked Rashguards | 1.0,54,,Thrift Shop,Surf Gear,Fight Gear / MMA,https://d2j6dbq0eux0bg.cloudfront.net/images/14404144/1447617250.jpg,,,0,995,,,yes,default,0,no,GLOBAL_METHODS,0,0,,,,,,,https://fluviumwear.com/#!/Fluvium-Full-Sleeve-Ranked-Rashguards-1-0/p/202211774,202211774
Fluvium Full Sleeve Rashguard | Legacy Series | Be Water,23343,,Surf Gear,Fight Gear / Jiu Jitsu / No Gi,Fight Gear / MMA,https://d2j6dbq0eux0bg.cloudfront.net/images/14404144/3785691845.jpg,,,0,1750,,48,yes,default,0,no,GLOBAL_METHODS,0,0,,,,,Fluvium Abstract : Full Sleeve Rashguard,"The Fluvium Abstract full sleeve Rash Guard is developed and designed by passionate artists in the hope of awakening the artist in you. Whether you choose to wear the rashguard to train jiu jitsu, MMA, surf or even head to the gym to lift some weights, we hope you are inspired to step outside your comfort zone to try new moves, techniques or use new methods.",https://fluviumwear.com/#!/Fluvium-Full-Sleeve-Rashguard-Legacy-Series-Be-Water/p/578633979,578633979
Fluvium Gel Max Easy Slip-On Handwraps,23278,,Fight Gear / MMA,Fight Gear / Boxing,,https://d2j6dbq0eux0bg.cloudfront.net/images/14404144/1804299076.jpg,,,0,895,,0,yes,default,0,no,GLOBAL_METHODS,0,0,,,,,,,https://fluviumwear.com/#!/Fluvium-Gel-Max-Easy-Slip-On-Handwraps/p/262955303,262955303
Fluvium Head Guard | White & Blue,23367,,Fight Gear / Boxing,Fight Gear / MMA,,https://d2j6dbq0eux0bg.cloudfront.net/images/14404144/4082899334.jpg,,,0,3185,,5,yes,default,0,no,GLOBAL_METHODS,0,0,,,,,,,https://fluviumwear.com/#!/Fluvium-Head-Guard-White-&-Blue/p/623043751,623043751
Fluvium Judo Mats/Tatami | 2m x 1m,23281,,Sports Mats,,,https://d2j6dbq0eux0bg.cloudfront.net/images/14404144/2031741262.jpg,,,0,5500,,,yes,default,0,no,GLOBAL_METHODS,0,0,,,,,,,https://fluviumwear.com/#!/Fluvium-Judo-Mats-Tatami-2m-x-1m/p/300855023,300855023
Fluvium Jute Drawstring Bag: BJJ Gi & Boxing Gloves,20,,Fight Gear / Boxing,,,https://d2j6dbq0eux0bg.cloudfront.net/images/14404144/1147874745.jpg,,,0,199,,,yes,default,0,yes,FREE_SHIPPING,0,0,,,,,,"Curtail Plastic, Save Environment: We have embarked on an ambitious mission to exclude any plastic in our packaging or storage. To that end we are introducing jute drawstring bags to house your BJJ Gi's/Boxing Gloves & MMA Gloves. By using or promoting the use of these jute bags, not only will you be supporting the environment, but also small scale artisans who depend on this for their livelihood.",https://fluviumwear.com/#!/Fluvium-Jute-Drawstring-Bag-BJJ-Gi-&-Boxing-Gloves/p/147631037,147631037
Fluvium Kinesiology Tape,23269,,Athlete Wellness,,,https://d2j6dbq0eux0bg.cloudfront.net/images/14404144/1646550131.jpg,,,0,699,,,yes,default,0,no,GLOBAL_METHODS,0,0,,,,,,,https://fluviumwear.com/#!/Fluvium-Kinesiology-Tape/p/234752015,234752015
Fluvium Leather Arm Pads | Curved,23321,,Fight Gear / Boxing,Fight Gear / MMA,,https://d2j6dbq0eux0bg.cloudfront.net/images/14404144/3124882705.jpg,,,0,1650,,10,yes,default,0,no,GLOBAL_METHODS,0,0,,,,,,,https://fluviumwear.com/#!/Fluvium-Leather-Arm-Pads-Curved/p/474012031,474012031
Fluvium Leather Arm Pads | Straight,23322,,Fight Gear / Boxing,Fight Gear / MMA,,https://d2j6dbq0eux0bg.cloudfront.net/images/14404144/3124887399.jpg,,,0,1650,,,yes,default,0,no,GLOBAL_METHODS,0,0,,,,,,,https://fluviumwear.com/#!/Fluvium-Leather-Arm-Pads-Straight/p/474000445,474000445
Fluvium Leather Cuban Focus Mitts,23277,,Fight Gear / Boxing,Fight Gear / MMA,,https://d2j6dbq0eux0bg.cloudfront.net/images/14404144/1804277934.jpg,,,0,2495,,5,yes,default,0,no,GLOBAL_METHODS,0,0,,,,,,,https://fluviumwear.com/#!/Fluvium-Leather-Cuban-Focus-Mitts/p/262965485,262965485
Fluvium Leather Kick Pads | Curved,23370,,Fight Gear / Boxing,Fight Gear / MMA,,https://d2j6dbq0eux0bg.cloudfront.net/images/14404144/4082934032.jpg,,,0,5500,,5,yes,default,0,no,GLOBAL_METHODS,0,0,,,,,,,https://fluviumwear.com/#!/Fluvium-Leather-Kick-Pads-Curved/p/623034508,623034508
"Fluvium Leather Muay Thai, MMA & Kick Boxing Shin Guards | Legacy Series",23310,,Legacy Series,Fight Gear / MMA,,https://d2j6dbq0eux0bg.cloudfront.net/images/14404144/2759691435.jpg,,,0,4499,,0,no,default,0,no,GLOBAL_METHODS,0,0,,,,,"Fluvium Crisp White Leather Muay Thai, MMA & Kick Boxing Shin Guards","The Fluvium Crisp White Leather Shin Guards provide maximum protection of the shin & ankle, even during your most powerful kicks, with a high density foam and specific reinforcements placed at each joint. The Fluvium Crisp White Leather Shin Pads have a Velcro closure system that provides superior wrist support maximizing the power of strikes and prevention of injuries.",https://fluviumwear.com/#!/Fluvium-Leather-Muay-Thai-MMA-&-Kick-Boxing-Shin-Guards-Legacy-Series/p/420777881,420777881
Fluvium Legacy Series MMA Shorts,23319,,Fight Gear / Jiu Jitsu / No Gi,Surf Gear,,https://d2j6dbq0eux0bg.cloudfront.net/images/14404144/3112384321.jpg,,,0,2995,,,yes,default,0,no,GLOBAL_METHODS,0,0,,,,,,,https://fluviumwear.com/#!/Fluvium-Legacy-Series-MMA-Shorts/p/471750763,471750763
Fluvium MMA Pro Leather Grappling Gloves,8,,Fight Gear / MMA,,,https://d2j6dbq0eux0bg.cloudfront.net/images/14404144/1106839863.jpg,,,0,1995,,7,yes,default,0,no,GLOBAL_METHODS,0,0,,,,,,"The Fluvium Pro Leather Grappling Gloves provide maximum protection of the hand, even during your most powerful punches, with a high density foam and specific reinforcements placed on each finger. The Fluvium Pro Leather Grappling Gloves have a Velcro closure system that provides superior wrist support maximizing the power of strikes and prevention of injuries.",https://fluviumwear.com/#!/Fluvium-MMA-Pro-Leather-Grappling-Gloves/p/143381369,143381369
Fluvium MMA/Grappling/Board Shorts | Legacy Series | Be Water,23349,,Surf Gear,Fight Gear / Jiu Jitsu / No Gi,Fight Gear / MMA,https://d2j6dbq0eux0bg.cloudfront.net/images/14404144/3785660635.jpg,,,0,1745,,48,yes,default,0,no,GLOBAL_METHODS,0,0,,,,,Fluvium Abstract : Full Sleeve Rashguard,"The Fluvium Abstract full sleeve Rash Guard is developed and designed by passionate artists in the hope of awakening the artist in you. Whether you choose to wear the rashguard to train jiu jitsu, MMA, surf or even head to the gym to lift some weights, we hope you are inspired to step outside your comfort zone to try new moves, techniques or use new methods.",https://fluviumwear.com/#!/Fluvium-MMA-Grappling-Board-Shorts-Legacy-Series-Be-Water/p/578638203,578638203
Fluvium Non Tearing Synthetic Cover | Sft,23260,,Sports Mats,,,https://d2j6dbq0eux0bg.cloudfront.net/images/14404144/2047924303.jpg,,,0,45,,,yes,default,0,no,GLOBAL_METHODS,0,0,,,,,,,https://fluviumwear.com/#!/Fluvium-Non-Tearing-Synthetic-Cover-Sft/p/212134063,212134063
Fluvium Oversized Hip Hop Tee | The Gentle Art,23342,,,,,https://d2j6dbq0eux0bg.cloudfront.net/images/14404144/3521210830.jpg,,,0,900,,,yes,default,0,no,GLOBAL_METHODS,0,0,,,,,,,https://fluviumwear.com/#!/Fluvium-Oversized-Hip-Hop-Tee-The-Gentle-Art/p/540892491,540892491
Fluvium Petrol Blue Varsity Jackets,23313,,Apparel,,,https://d2j6dbq0eux0bg.cloudfront.net/images/14404144/2817553984.jpg,,,0,1795,,,yes,default,0,no,GLOBAL_METHODS,0,0,,,,,Fluvium Crew Neck DTLF Bamboo Tees,"De tails The Fluvium Crew Neck DTLF Bamboo Tee is developed considering the environment in mind. Made from premium quality bamboo cotton provides a silk like softness. Combined with the anti-odour, anti-bacterial and sweat absorbent properties that bamboo provides Fluvium Crew Neck DTLF Bamboo Tee can really be your perfect lounge or daily wear. Features SILK-LIKE SOFTNESS Bamboo cotton is ...",https://fluviumwear.com/#!/Fluvium-Petrol-Blue-Varsity-Jackets/p/428364774,428364774
"Fluvium Power Paint : Timeless Portal, Size: M",23286,,Power Paint,,,https://d2j6dbq0eux0bg.cloudfront.net/images/14404144/2089951144.jpg,,,0,500,,,yes,default,0,no,GLOBAL_METHODS,0,0,,,,,,,https://fluviumwear.com/#!/Fluvium-Power-Paint-Timeless-Portal-Size-M/p/310761134,310761134
"Fluvium Power Paint: Ground is The Ocean, Size: M",23287,,Power Paint,,,https://d2j6dbq0eux0bg.cloudfront.net/images/14404144/2089872312.jpg,,,0,500,,0,no,default,0,no,GLOBAL_METHODS,0,0,,,,,,,https://fluviumwear.com/#!/Fluvium-Power-Paint-Ground-is-The-Ocean-Size-M/p/310435993,310435993
"Fluvium Power Paint: Pop Art, Size: M",23285,,Power Paint,,,https://d2j6dbq0eux0bg.cloudfront.net/images/14404144/2089872307.jpg,,,0,500,,,yes,default,0,no,GLOBAL_METHODS,0,0,,,,,,,https://fluviumwear.com/#!/Fluvium-Power-Paint-Pop-Art-Size-M/p/310748181,310748181
"Fluvium Power Paint: Surfers of Mahabs, Size: XL",23284,,Power Paint,,,https://d2j6dbq0eux0bg.cloudfront.net/images/14404144/2087721665.jpg,,,0,500,,0,no,default,0,no,GLOBAL_METHODS,0,0,,,,,,,https://fluviumwear.com/#!/Fluvium-Power-Paint-Surfers-of-Mahabs-Size-XL/p/310399364,310399364
Fluvium Premium Synthetic Leather Boxing Gloves | 10Oz & 12Oz,23320,,Fight Gear / MMA,Fight Gear / Boxing,,https://d2j6dbq0eux0bg.cloudfront.net/images/14404144/3124887280.jpg,,,0,1595,,0,no,default,0,no,GLOBAL_METHODS,0,0,,,,,,,https://fluviumwear.com/#!/Fluvium-Premium-Synthetic-Leather-Boxing-Gloves-10Oz-&-12Oz/p/474010859,474010859
Fluvium Prestige: Black BJJ Kimono/Gi With BlueEmbroidery,23353,,Fight Gear / Jiu Jitsu / Gi,,,https://d2j6dbq0eux0bg.cloudfront.net/images/14404144/3984729494.png,,,0,8495,,3,yes,default,0,no,GLOBAL_METHODS,0,0,,,,,Fluvium Prestige: Full Sleeve Rashguard,Drillers makes killers. The Fluvium Prestige Series Rash Guard is designed for those who passionate about representing their country on the global stage. T he prestige series is meant to instill a sense of solidarity and pride when you adorn the rashguard which should give you that something extra which helps you past the finish line.,https://fluviumwear.com/#!/Fluvium-Prestige-Black-BJJ-Kimono-Gi-With-BlueEmbroidery/p/605806276,605806276
Fluvium Prestige: Black BJJ Kimono/Gi With Gold Embroidery,23294,,Fight Gear / Jiu Jitsu / Gi,,,https://d2j6dbq0eux0bg.cloudfront.net/images/14404144/3384774330.jpg,,,0,7495,,3,yes,default,0,no,GLOBAL_METHODS,0,0,,,,,Fluvium Prestige: Full Sleeve Rashguard,Drillers makes killers. The Fluvium Prestige Series Rash Guard is designed for those who passionate about representing their country on the global stage. T he prestige series is meant to instill a sense of solidarity and pride when you adorn the rashguard which should give you that something extra which helps you past the finish line.,https://fluviumwear.com/#!/Fluvium-Prestige-Black-BJJ-Kimono-Gi-With-Gold-Embroidery/p/381519785,381519785
Fluvium Prestige: Blue BJJ Kimono/Gi With Gold Embroidery,23330,,Fight Gear / Jiu Jitsu / Gi,,,https://d2j6dbq0eux0bg.cloudfront.net/images/14404144/3384771606.jpg,,,0,8495,,0,no,default,0,no,GLOBAL_METHODS,0,0,,,,,,,https://fluviumwear.com/#!/Fluvium-Prestige-Blue-BJJ-Kimono-Gi-With-Gold-Embroidery/p/518893560,518893560
Fluvium Prestige: Full Sleeve Rashguard,6,,Fight Gear / MMA,Fight Gear / Jiu Jitsu / No Gi,Surf Gear,https://d2j6dbq0eux0bg.cloudfront.net/images/14404144/1106841205.jpg,,,0,1495,,46,yes,default,0,no,GLOBAL_METHODS,0,0,,,,,Fluvium Prestige: Full Sleeve Rashguard,Drillers makes killers. The Fluvium Prestige Series Rash Guard is designed for those who passionate about representing their country on the global stage. T he prestige series is meant to instill a sense of solidarity and pride when you adorn the rashguard which should give you that something extra which helps you past the finish line.,https://fluviumwear.com/#!/Fluvium-Prestige-Full-Sleeve-Rashguard/p/133060721,133060721
Fluvium Prestige: Half Sleeve Rashguard,4,,Fight Gear / MMA,Fight Gear / Jiu Jitsu / No Gi,Surf Gear,https://d2j6dbq0eux0bg.cloudfront.net/images/14404144/1106841465.jpg,,,0,1195,,48,yes,default,0,no,GLOBAL_METHODS,0,0,,,,,Fluvium Prestige: Half Sleeve Rashguard,Details Drillers makes killers. The Fluvium Prestige Series Rash Guard is designed for those who passionate about representing their country on the global stage. T he prestige series is meant to instill a sense of solidarity and pride when you adorn the rashguard which should give you that something extra which helps you past the finish line.,https://fluviumwear.com/#!/Fluvium-Prestige-Half-Sleeve-Rashguard/p/133060594,133060594
Fluvium Prestige: White BJJ Kimono/Gi W Blue Embroidery,23289,,Fight Gear / Jiu Jitsu / Gi,,,https://d2j6dbq0eux0bg.cloudfront.net/images/14404144/2465957874.jpg,,,0,8495,,0,yes,default,0,no,GLOBAL_METHODS,0,0,,,,,Fluvium Prestige: Full Sleeve Rashguard,Drillers makes killers. The Fluvium Prestige Series Rash Guard is designed for those who passionate about representing their country on the global stage. T he prestige series is meant to instill a sense of solidarity and pride when you adorn the rashguard which should give you that something extra which helps you past the finish line.,https://fluviumwear.com/#!/Fluvium-Prestige-White-BJJ-Kimono-Gi-W-Blue-Embroidery/p/381515232,381515232
Fluvium Pro Leather Boxing Laced Gloves 10Oz,9,,Fight Gear / Boxing,,,https://d2j6dbq0eux0bg.cloudfront.net/images/14404144/1107161676.jpg,,,0,4195,,8,yes,default,0,no,GLOBAL_METHODS,0,0,,,,,,"The Fluvium Pro Leather Boxing Laced Gloves feature a sleek, Mexican design and the best in quality and comfort. The best professional boxing gloves equipped with a traditional slim design are precision manufactured with the best leather and materials, under the strictest quality control.",https://fluviumwear.com/#!/Fluvium-Pro-Leather-Boxing-Laced-Gloves-10Oz/p/143957639,143957639
"Fluvium Pro Style Mexican Stretch Boxing Hand Wraps 180""",31,,Fight Gear / MMA,Fight Gear / Boxing,,https://d2j6dbq0eux0bg.cloudfront.net/images/14404144/1962690017.jpg,,,0,395,,146,yes,default,0,no,GLOBAL_METHODS,0,0,,,,,"Fluvium Pro Style Mexican Stretch Boxing Hand Wraps 180""","Details Protect your hands with the Mexican Stretch Pro Style Fluvium Boxing Hand Wraps 180"" . Designed for both professional and amateur requirements, they offer a firm secure fit. The thumb loop ensures proper alignment, and a hook and loop closure gives you proper tightness. The cotton hand wraps are machine washable and hang to dry.",https://fluviumwear.com/#!/Fluvium-Pro-Style-Mexican-Stretch-Boxing-Hand-Wraps-180/p/140995606,140995606
Fluvium Rigid Tape | 3.8cm & 13.7m,23270,,Athlete Wellness,,,https://d2j6dbq0eux0bg.cloudfront.net/images/14404144/1646551494.jpg,,,0,849,,,yes,default,0,no,GLOBAL_METHODS,0,0,,,,,,,https://fluviumwear.com/#!/Fluvium-Rigid-Tape-3-8cm-&-13-7m/p/235079054,235079054
Fluvium Salvage: Denim,27,,Fluvium Salvage,,,https://d2j6dbq0eux0bg.cloudfront.net/images/14404144/1195255759.jpg,,,0,899,,0,no,default,0,yes,FREE_SHIPPING,0,0,,,,,,"Fluvium has developed the Artist Athlete Collaboration (AAC) Series to showcase artists, both accomplished and unknown who inspire our generation & constantly push their creative boundaries through their art, be it music, picture or dance.",https://fluviumwear.com/#!/Fluvium-Salvage-Denim/p/158647133,158647133
Fluvium Salvage: Throne,25,,Fluvium Salvage,,,https://d2j6dbq0eux0bg.cloudfront.net/images/14404144/1175439417.jpg,,,0,899,,0,no,default,0,yes,FREE_SHIPPING,0,0,,,,,,"Fluvium has developed the Artist Athlete Collaboration (AAC) Series to showcase artists, both accomplished and unknown who inspire our generation & constantly push their creative boundaries through their art, be it music, picture or dance.",https://fluviumwear.com/#!/Fluvium-Salvage-Throne/p/155189138,155189138
Fluvium Ultralight Competition Kimono Gi | DTLF Series,23323,,Fight Gear / Jiu Jitsu / Gi,,,https://d2j6dbq0eux0bg.cloudfront.net/images/14404144/3148487404.jpg,,,2,9495,,0,no,default,0,yes,FREE_SHIPPING,0,0,,,,,Fluvium Flow BJJ Gi |  Black,"The Fluvium Flow Series Gi is comfortable, durable, affordable and traditional. Built to last and designed for heavy-duty daily training, simple look, and feel good on the mats. A super-soft and incredibly strong pearl-weave material, combining the most effective features from both the double and single-weave Gis, creating a breathable and durable fabric for heavy usage and comfort.",https://fluviumwear.com/#!/Fluvium-Ultralight-Competition-Kimono-Gi-DTLF-Series/p/478861898,478861898
Fluvium Ultralight Competition Kimono/Gi | Mind.Mody.Spirit Series,23331,,Fight Gear / Jiu Jitsu / Gi,,,https://d2j6dbq0eux0bg.cloudfront.net/images/14404144/3431921931.jpg,,,2,9750,,30,no,default,0,yes,FREE_SHIPPING,0,0,,,,,Fluvium Flow BJJ Gi |  Black,"The Fluvium Flow Series Gi is comfortable, durable, affordable and traditional. Built to last and designed for heavy-duty daily training, simple look, and feel good on the mats. A super-soft and incredibly strong pearl-weave material, combining the most effective features from both the double and single-weave Gis, creating a breathable and durable fabric for heavy usage and comfort.",https://fluviumwear.com/#!/Fluvium-Ultralight-Competition-Kimono-Gi-Mind-Mody-Spirit-Series/p/525709520,525709520
Fluvium Ultralight Competition Kimono/Gi | Mind.Mody.Spirit Series | Fluvium x The Dojo,23336,,Fight Gear / Jiu Jitsu / Gi,,,https://d2j6dbq0eux0bg.cloudfront.net/images/14404144/3431925156.jpg,,,2,9750,,30,yes,default,0,yes,FREE_SHIPPING,0,0,,,,,Fluvium Flow BJJ Gi |  Black,"The Fluvium Flow Series Gi is comfortable, durable, affordable and traditional. Built to last and designed for heavy-duty daily training, simple look, and feel good on the mats. A super-soft and incredibly strong pearl-weave material, combining the most effective features from both the double and single-weave Gis, creating a breathable and durable fabric for heavy usage and comfort.",https://fluviumwear.com/#!/Fluvium-Ultralight-Competition-Kimono-Gi-Mind-Mody-Spirit-Series-Fluvium-x-The-Dojo/p/525722279,525722279
Fluvium Wall Mounted/Vertical Padding | Multiple Color Options | Sft,23304,,Sports Mats,,,https://d2j6dbq0eux0bg.cloudfront.net/images/14404144/2632997519.jpg,,,0,205,,,yes,default,0,no,GLOBAL_METHODS,0,0,,,,,,,https://fluviumwear.com/#!/Fluvium-Wall-Mounted-Vertical-Padding-Multiple-Color-Options-Sft/p/404278851,404278851
Fluvium Wave Face Masks | White & Blue,23268,,Athlete Wellness,,,https://d2j6dbq0eux0bg.cloudfront.net/images/14404144/1574501552.jpg,,,0,699,,,yes,default,0,no,GLOBAL_METHODS,0,0,,,,,,,https://fluviumwear.com/#!/Fluvium-Wave-Face-Masks-White-&-Blue/p/224045807,224045807
"Fluvium Women's Floral Rashguard | MMA, BJJ & Surfing",23327,,Fight Gear / Jiu Jitsu / No Gi,Fight Gear / MMA,Surf Gear,https://d2j6dbq0eux0bg.cloudfront.net/images/14404144/3353825504.jpg,,,0,1950,,,yes,default,0,no,GLOBAL_METHODS,0,0,,,,,,,https://fluviumwear.com/#!/Fluvium-Womens-Floral-Rashguard-MMA-BJJ-&-Surfing/p/512303024,512303024
Fluvium Wrestling Cover,23283,,Sports Mats,,,https://d2j6dbq0eux0bg.cloudfront.net/images/14404144/2047889643.jpg,,,0,0,,,yes,default,0,no,GLOBAL_METHODS,0,0,,,,,,,https://fluviumwear.com/#!/Fluvium-Wrestling-Cover/p/300645990,300645990
Fluvium Wrestling Mats | 2m x 1m,23282,,Sports Mats,,,https://d2j6dbq0eux0bg.cloudfront.net/images/14404144/2047889658.jpg,,,0,0,,,yes,default,0,no,GLOBAL_METHODS,0,0,,,,,,,https://fluviumwear.com/#!/Fluvium-Wrestling-Mats-2m-x-1m/p/300859859,300859859
Foldable Mats | 2' x 6' x 30mm,23272,,Sports Mats,,,https://d2j6dbq0eux0bg.cloudfront.net/images/14404144/2047884909.jpg,,,0,2150,,,yes,default,0,no,GLOBAL_METHODS,0,0,,,,,,,https://fluviumwear.com/#!/Foldable-Mats-2-x-6-x-30mm/p/235089399,235089399
Gel Max Mouth Guard: Blue,21,,Fight Gear / MMA,Fight Gear / Boxing,,https://d2j6dbq0eux0bg.cloudfront.net/images/14404144/939888145.jpg,,,0,299,,,no,default,0,no,GLOBAL_METHODS,0,0,,,,,,Protect your mouth from unexpected punches with the Fluvium Gel Max Mouthguard. The mouthguard features a shock-absorption inner layer surrounded by a rigid outer layer specifically designed for upper and lower jaw protection. The mouthguard offers a customized fit with a boil and bite design for just the right fit.,https://fluviumwear.com/#!/Gel-Max-Mouth-Guard-Blue/p/123079613,123079613
Karate/Taekwando Shin Guards,23314,,,,,https://d2j6dbq0eux0bg.cloudfront.net/images/14404144/2822693261.jpg,,,0,1095,,,yes,default,0,no,GLOBAL_METHODS,0,0,,,,,,,https://fluviumwear.com/#!/Karate-Taekwando-Shin-Guards/p/428823529,428823529
Master Series : Natural Beech wood Bokken for Aikido / Kobudo,23306,,,,,https://d2j6dbq0eux0bg.cloudfront.net/images/14404144/2754803208.jpg,,,0,0,,,no,default,0,no,GLOBAL_METHODS,0,0,,,,,,,https://fluviumwear.com/#!/Master-Series-Natural-Beech-wood-Bokken-for-Aikido-Kobudo/p/420303593,420303593
National Quality Interlocking Mats | 1m x 1m,23262,,Sports Mats,,,https://d2j6dbq0eux0bg.cloudfront.net/images/14404144/2047926390.jpg,,,4,1050,,,no,default,0,no,GLOBAL_METHODS,0,0,,,,,,,https://fluviumwear.com/#!/National-Quality-Interlocking-Mats-1m-x-1m/p/214296976,214296976
National Quality Interlocking Mats | 1m x 1m | Gray/Black,23299,,Sports Mats,,,https://d2j6dbq0eux0bg.cloudfront.net/images/14404144/2632951993.jpg,,,4,0,,,no,default,0,no,GLOBAL_METHODS,0,0,,,,,,,https://fluviumwear.com/#!/National-Quality-Interlocking-Mats-1m-x-1m-Gray-Black/p/404278152,404278152
Regular Quality Interlocking Mats | 1m x 1m,23361,,Sports Mats,,,https://d2j6dbq0eux0bg.cloudfront.net/images/14404144/2047926390.jpg,,,4,1050,,,yes,default,0,no,GLOBAL_METHODS,0,0,,,,,,,https://fluviumwear.com/#!/Regular-Quality-Interlocking-Mats-1m-x-1m/p/620315750,620315750
Single Extreme Mouth Guard,20,,Fight Gear / MMA,Fight Gear / Boxing,,https://d2j6dbq0eux0bg.cloudfront.net/images/14404144/939857017.jpg,,,0,249,,,yes,default,0,no,GLOBAL_METHODS,0,0,,,,,,"Protect your mouth from unexpected punches with the Fluvium Extreme Mouthguard. The mouthguard offers a customized fit with a boil and bite design for just the right fit. Features Made from high quality food grade material (with flavor fusion technology) this gel max mouth guard is used extensively in various sports like football, hockey, boxing etc to prevent dental injuries.",https://fluviumwear.com/#!/Single-Extreme-Mouth-Guard/p/123079294,123079294
Surf Board Wax | Tropical,23273,,Surf Gear,,,https://d2j6dbq0eux0bg.cloudfront.net/images/14404144/1657397193.jpg,,,0,499,,,yes,default,0,no,GLOBAL_METHODS,0,0,,,,,,,https://fluviumwear.com/#!/Surf-Board-Wax-Tropical/p/235839255,235839255
Test,2,,,,,,,,0,2,,,no,default,0,no,GLOBAL_METHODS,0,0,,,,,,,https://fluviumwear.com/#!/Test/p/122162115,122162115
Water Proof Duffle/Dry/Sweat Bag | 20L & 30L,23305,,Fight Gear / Jiu Jitsu,Fight Gear,Fight Gear / Jiu Jitsu / No Gi,https://d2j6dbq0eux0bg.cloudfront.net/images/14404144/2672391113.jpg,,,0,749,,48,yes,default,0,no,GLOBAL_METHODS,0,0,,,,,,"There's an artist in all of us. The Fluvium Abstract 2 in 1 Shorts is developed and designed by passionate artists in the hope of awakening the artist in you. Whether you choose to wear the shorts to train jiu jitsu, MMA, surf or even head to the gym to lift some weights, we hope you are inspired to step outside your comfort zone to try new moves, techniques or use new methods.",https://fluviumwear.com/#!/Water-Proof-Duffle-Dry-Sweat-Bag-20L-&-30L/p/409525502,409525502